-74.10028756,4.702485629,324.8262732,360.1189285,10,4003,AV. Cali,997476.467,1011754.799,Carrera 86,Calle 80,1,1,0,0,INTERMEDIA,NO,4.70249985,-74.10025325,{C982C18C-08DF-4407-A08F-1F805334ACD4}
-74.14264966,4.595567111,193.9910125,134.6510801,13,7004,Venecia,992889.1825,999946.4342,AutoSur-Av 54,NQS,2,1,0,0,SENCILLA,NO,4.59571313,-74.14159012,{9012D763-13A1-4FBE-B6D3-037BA6CD44EA}
-74.07740128,4.681820947,395.5104911,316.5416201,17,4105,Carrera 53,1000015.901,1009481.166,Carrera 53,Calle 80,1,1,0,0,SENCILLA,NO,4.68193956,-74.07736461,{DCAADFBF-3830-40E6-80A8-85A3B5A1A8F4}
-74.07766289,4.657290675,394.7025082,264.812623,20,7104,Simón Bolívar,999972.7251,1006730.314,Kr 30 CL 63,NQS,2,1,0,0,SENCILLA,NO,4.65706335,-74.07775374,{BA5661DA-DC4E-4638-B29E-4E88CFB68018}
-74.11050626,4.70982948,293.2658427,375.60551,21,4000,Portal de la 80,996336.9307,1012531.473,Carrera 96,Calle 80,0,0,1,353,CABECERA,SI,4.70952296,-74.11052456,{68BFA6D3-A142-48DF-B376-F9EB5778A3E4}
-74.06676939,4.637556882,428.3470647,223.198355,22,9118,Marly,1001235.782,1004789.816,Calle 51 - Calle 49,Caracas,3,2,0,0,SENCILLA,NO,4.63951515,-74.06637045,{481A615A-BBA0-49F1-B31B-6C1AE7B00414}
-74.06486173,4.648403723,434.2388629,246.0719778,23,9120,Calle 63,1001433.611,1005810.274,Calle 63 - Calle 60,Caracas,3,2,0,0,SENCILLA,NO,4.64874321,-74.06458735,{E217B390-A552-4B28-B08E-57080C60CD29}
-74.11064255,4.597370524,292.8449149,138.4540844,24,7009,SENA,996371.8014,1000148.548,AutoSur-Cl 17 S,NQS,2,1,0,0,SENCILLA,NO,4.597543,-74.11020509,{5F4DB433-11C2-4DF7-A097-48EEB2455514}
-74.16939799,4.597012686,111.3788615,137.6994825,25,7000,Portal del Sur,989732.4855,999958.2955,AutoSur-Kr 82,NQS,0,0,1,220,CABECERA,SI,4.59581727,-74.17003806,{57B93C12-D21A-4D57-9D53-A6920ECA431F}
-74.09386888,4.611686195,344.6503568,168.6427156,26,7111,Ricaurte - NQS,998379.0235,1001932.497,Kr 30 Cl 10,NQS,3,2,1,165,INTERCAMBIO,SI,4.61367605,-74.09211642,{5B85E459-B64D-4659-8490-2609AFECE587}
-74.05145388,4.721157295,475.648988,399.4934031,27,2200,Alcalá,1002892.026,1013774.69,Calle 137,Autonorte,3,2,0,0,SENCILLA,NO,4.72076577,-74.05144057,{89BAFA32-9CED-4F98-8D85-7C5CBE737ACE}
-74.08046904,4.685725639,386.0357146,324.7757626,30,4104,AV. 68,999683.9295,1009908.349,Carrera 60,Calle 80,1,1,0,0,SENCILLA,NO,4.68580261,-74.08035668,{531DC5ED-43F1-4620-8CAE-749488DDC3CB}
-74.04440387,4.763330173,497.4229201,488.4268097,35,2001,Calle 187,1003637.071,1018310.604,Calle 184,Autonorte,4,1,0,0,SENCILLA,NO,4.76178408,-74.04472315,{51A65445-31B8-4674-AA7D-5D7612739BB3}
-74.10164474,4.650869077,320.6346165,251.2708718,39,6102,Salitre - El Greco,997298.167,1006093.419,Carrera 66,Calle 26,4,1,0,0,SENCILLA,NO,4.65130342,-74.10185856,{5BD65EE1-3930-43D6-9315-D84861A5C7AE}
-74.06031244,4.668136333,448.2893318,287.6837506,42,2304,Héroes,1001887.064,1007817.465,Calle 80,Autonorte,6,1,0,0,SENCILLA,NO,4.66689435,-74.06050012,{5E28A965-07BC-4BA6-8C8A-279FBDD273E3}
-74.06840143,4.602579748,423.306513,149.4392042,43,14005,Las Aguas,1001035.31,1000715.405,carrera 4,Eje Ambiental,1,2,0,0,INTERCAMBIO,NO,4.60266984,-74.06817769,{DBE68E93-5F46-4185-9B3B-D16F65D1FBCA}
-74.07289759,4.601160722,409.4201178,146.4467859,44,14004,Museo del Oro,1000504.89,1000551.077,carrera 2,Eje Ambiental,1,2,0,0,SENCILLA,NO,4.60118385,-74.07295785,{D2090540-BB19-4EFA-8483-4750F5BB25B0}
-74.06474882,4.670692628,434.5875927,293.0744193,45,4108,Polo,1001294.771,1008409.515,Transversal 27,Calle 80,1,1,0,0,SENCILLA,NO,4.67224842,-74.06583827,{10F01720-F268-482E-9A83-D782B080F1F7}
-74.06975355,4.62158594,419.1304888,189.5191199,47,9115,Calle 34,1000878.833,1002876.515,Avenida Calle 34 - Calle 3,Caracas,3,2,0,0,SENCILLA,NO,4.62221301,-74.06958764,{3C7CE852-CF8A-4858-AB45-53B1C5F8EC0B}
-74.13427126,4.594258485,219.8676871,131.8914733,48,7005,Alquería,993685.807,999798.072,AutoSur-Kr48,NQS,2,1,0,0,SENCILLA,NO,4.59437209,-74.13441089,{ED65A312-0385-425A-A278-8F29CB413364}
-74.09392637,4.586285631,344.4727911,115.0784622,49,9106,Nariño,998189.1902,998905.0889,Calle 8 Sur - Calle 11 Sur,Caracas,2,1,0,0,SENCILLA,NO,4.58629883,-74.0938266,{2D60D2E5-E939-4A59-AA39-A0726F3643FE}
-74.06714144,4.693290937,427.1980009,340.7293286,50,3010,Puentelargo,1001157.939,1010725.667,Av Suba Tv 48,Suba,2,1,0,0,SENCILLA,NO,4.69319361,-74.06707121,{60253C9B-D879-40D7-A372-C361B7E5E0A3}
-74.05769591,4.683946674,456.370486,321.0243151,51,2300,Calle 100,1002219,1009747.249,Calle 97,Autonorte,3,2,0,0,SENCILLA,NO,4.68434548,-74.05750794,{4D6ADB7F-F38A-4431-84B1-08E80D951726}
-74.1593448,4.637899388,142.4281146,223.9206261,52,5002,Biblioteca Tintal,991180.9215,1004839.507,av.Cali - Calle 26 sur,Americas,4,2,0,0,SENCILLA,NO,4.63996012,-74.15698977,{2C46485D-FEBD-4068-BA2D-DD4CA079FFD9}
-74.08687372,4.738833124,366.2548834,436.767874,53,3002,Suba - TV. 91,999054.2565,1015702.782,Av Suba Kr 90,Suba,2,1,0,0,SENCILLA,NO,4.73820209,-74.08603261,{8CB435CF-C6BD-4140-ADF4-3EC8ACF91BD9}
-74.12009368,4.575853988,263.6551096,93.08040143,54,9100,Calle 40 S,995337.4345,997762.7925,Calle 38 Sur - Calle 40 Su,Caracas,3,2,0,0,INTERMEDIA,NO,4.57596786,-74.11952549,{468DB749-E793-413C-ACA2-E8EE2FDA922C}
-74.15687517,4.596254934,150.0555437,136.1015489,55,7002,Madelena,991150.7694,1000005.005,AutoSur-Kr67,NQS,2,1,0,0,SENCILLA,NO,4.59624121,-74.15725663,{15723E25-34AA-4D94-8165-83F3A9D808FD}
-74.06302132,4.654905957,439.9229658,259.7837731,56,9121,Flores,1001599.929,1006470.454,Calle 69  - Calle 67,Caracas,2,2,0,0,SENCILLA,NO,4.65471326,-74.06308827,{EDDCFF50-4312-48E2-BA30-43FEDBB7BC52}
-74.0658221,4.642981743,431.2727621,234.6382048,57,9119,Calle 57,1001322.658,1005262.889,Calle 57 - Calle 54,Caracas,3,2,0,0,SENCILLA,NO,4.64379318,-74.0655874,{FDF19905-338A-4EE4-BEB9-4ED6A55B8D2E}
-74.11711695,4.675044127,272.8487293,302.2507823,58,6001,Modelia,995645.6981,1008639.002,Carrera 84,Calle 26,4,1,0,0,SENCILLA,NO,4.67432269,-74.11675293,{50CD0C23-FD31-49CC-A337-6ACC8520C7DC}
-74.07215189,4.616644903,411.7232234,179.0995484,59,9114,Calle 26,1000565.307,1002208.417,Avenida Calle 28 - Calle 2,Caracas,3,2,0,0,SENCILLA,NO,4.61617136,-74.07241326,{D4D4C30C-9BAB-4FED-B9B1-FC9A46EF2064}
-74.16497116,4.595775688,125.0510942,135.0909245,60,7001,Perdomo,990466.9792,999943.9352,AutoSur-Kr78C,NQS,2,1,0,0,SENCILLA,NO,4.59568824,-74.16341884,{6491ED57-F986-4554-8A5D-D5BADCC6B265}
-74.07456156,4.666341385,404.2809544,283.8985963,61,7103,AV. Chile,1000390.371,1007817.672,Kr 30 Cl 72,NQS,6,2,0,0,SENCILLA,NO,4.66689641,-74.07398957,{853BD8FF-7C51-4963-B991-0C08D9CED12E}
-74.0965137,4.642845155,336.4818189,234.3501687,62,6104,Gobernación,997923.9457,1005135.31,Carrera 54,Calle 26,4,1,0,0,SENCILLA,NO,4.64263932,-74.09621841,{EE9FA1B5-9CD9-4EEC-9DD2-30D582E5BB0E}
-74.10142022,4.581833916,321.3280605,105.6907651,63,9104,Restrepo,997334.7092,998403.5156,Calle 19 Sur - Av. 1 de M,Caracas,2,2,0,0,SENCILLA,NO,4.58176282,-74.10152688,{38FA05E7-D4C3-4F3A-A79D-2B508F1CFD66}
-74.10562544,4.65708058,308.3402307,264.3695783,64,6101,El Tiempo - Maloka,996940.4577,1006602.113,carrera 68d,Calle 26,4,1,0,0,SENCILLA,NO,4.65590347,-74.10508264,{54B3680A-EC12-4619-9B48-80F0ACC8BD0B}
-74.09023752,4.590840277,355.8658054,124.683217,65,9107,Hortúa,998590.1325,999402.8099,Calle 1 Sur - Calle 3 Sur,Caracas,2,2,0,0,SENCILLA,NO,4.59079985,-74.09021346,{39FCD4EE-AC67-44C6-94CA-BA1DB285F203}
-74.09395282,4.616132689,344.3911043,178.0194015,66,12002,CDS - Carrera 32,998042.9231,1002339.781,Av. Americas -Carrera 32,Americas,2,2,0,0,SENCILLA,NO,4.6173591,-74.0951455,{4A2DC4E1-7D7B-495E-830F-CB33E5FDBAC2}
-74.07910861,4.603047931,390.2374189,150.4264982,67,9110,AV. Jiménez - CL 13,999819.8935,1000767.71,Calle 13 - caracas,Americas,3,2,0,0,INTERCAMBIO,NO,4.6031429,-74.07913104,{3830E3B3-80DD-47F8-AE22-0148EFD2757E}
-74.16460618,4.63317191,126.1783505,213.9514046,68,5001,Patio Bonito,990545.1689,1004272.052,av.Cali - Calle 40 sur,Americas,4,2,0,0,SENCILLA,NO,4.6348279,-74.16271887,{8B6F0877-802E-40DB-B610-CB22D8892DEC}
-74.06983919,4.69924029,418.8659953,353.2752166,69,3009,Suba - Calle 116,1000860.028,1011387.723,Av Suba Cll 114,Suba,2,1,0,0,SENCILLA,NO,4.69918067,-74.06975627,{2542B023-FF81-4B3A-AE68-854EE1852757}
-74.11325992,4.669021345,284.7611672,289.5500477,70,6002,Normandía,996137.7432,1007864.895,carrera 73a,Calle 26,4,1,0,0,SENCILLA,NO,4.6673226,-74.11231782,{470AC903-A9E1-431D-BC5F-36E3103AF71F}
-74.08969371,4.634314201,357.5453461,216.3602483,73,6106,Recinto Ferial,998702.3121,1004191.025,Carrera 43,Calle 26,2,1,0,0,SENCILLA,NO,4.63410021,-74.08920322,{39CA017B-BB27-4A47-940F-DB5CEB9F286E}
-74.11787927,4.594791794,270.4943202,133.0161063,75,7008,NQS - Calle 30 S,995749.5931,999900.324,AutoSur-Dg 26 Sur,NQS,2,1,0,0,SENCILLA,NO,4.59529801,-74.11581228,{357C38D5-BD7F-4471-B5AE-5D4C27FF31B3}
-74.07472656,4.721362122,403.7713692,399.9253374,76,3005,Suba - AV. Boyacá,1000331.124,1013677.004,Av Suba Av Boyaca,Suba,2,2,0,0,SENCILLA,NO,4.71988287,-74.07452333,{75D4C722-3C7B-47CF-86A2-ECF728DEFA54}
-74.06966011,4.675455721,419.4190677,303.1187444,77,4107,Escuela Militar,1000917.852,1008744.356,Carrera 40,Calle 80,2,1,0,0,SENCILLA,NO,4.67527646,-74.06923537,{9CD3B861-33D0-40FB-9DB6-6F51786E5116}
-74.09868859,4.620322388,329.7646745,186.8545632,78,12007,Zona Industrial,997674.7547,1002658.602,calle 13 carrera 38,Americas,2,2,0,0,SENCILLA,NO,4.62024214,-74.09846359,{D7948949-BD11-4DA5-84A4-258BFD9D0DD2}
-74.12469525,4.57096376,249.4431688,82.76797675,79,9004,Santa Lucía,994759.5692,997182.3845,Calle 46A Sur - Diagonal 4,Caracas,2,2,0,0,SENCILLA,NO,4.57071884,-74.12473269,{26D11612-4C7F-45C4-9BD7-0B4B54DB671E}
-74.04726932,4.74618812,488.5729896,452.2779571,81,2101,Toberín,1003380.748,1016712.339,Calle 165,Autonorte,5,1,0,0,SENCILLA,NO,4.74733097,-74.04703429,{4CBEDDF9-BFF8-4529-99FE-73BDCE143B8B}
-74.06706598,4.676541907,427.4310573,305.409274,82,3014,San Martín,1001167.167,1008902.27,Av Suba Cl 81,Suba,2,1,0,0,SENCILLA,NO,4.67670446,-74.06698829,{11858BED-D331-4546-8E73-CE9E294FB5FB}
-74.06444795,4.675618962,435.5168375,303.4629848,83,7101,La Castellana,1001709.403,1008926.937,KR 30 Kr 24,NQS,4,1,0,0,SENCILLA,NO,4.67692744,-74.06210113,{7EE5C281-6B34-4B8C-AB6A-B477ABE7DA8A}
-74.09985692,4.604245902,326.1562883,152.9527584,84,7112,Comuneros,997664.0469,1001051.398,KR 30 -Cl 6A,NQS,2,2,0,0,SENCILLA,NO,4.60570801,-74.09855967,{FA6B122F-152F-4256-9345-493D1D503BA8}
-74.04798602,4.74191284,486.3594657,443.2623227,85,2102,Calle 161,1003277.151,1016072.171,Calle 160,Autonorte,4,1,0,0,SENCILLA,NO,4.74154193,-74.04796835,{E22D76E1-AD02-4B5C-A9A0-A94B25CFA17E}
-74.07869913,4.64539603,391.5020912,239.7294095,86,7106,Campín,999856.8749,1005225.951,Kr 30 Cl 53,NQS,2,2,0,0,SENCILLA,NO,4.64345924,-74.07879784,{445F1CE8-B98A-4725-B031-3048083696D0}
-74.09904759,4.646880888,328.6559067,242.8606514,87,6103,CAN,997622.8152,1005586.496,Carrera 60,Calle 26,4,1,0,0,SENCILLA,NO,4.64671936,-74.09893248,{E3338C7F-91F0-4BE6-9F90-523E8DA822C4}
-74.09427889,4.746815064,343.3840227,453.6000447,88,3000,Portal de Suba,997919.9819,1016624.407,Av Suba Av C. Cali,Suba,0,0,1,324,CABECERA,SI,4.74653621,-74.09625691,{BF42203F-70AF-4AE5-BFE5-08976E348468}
-74.09939841,4.582963683,327.5723905,108.073199,89,9105,Fucha,997622.4593,998565.3976,Calle 13 Sur - Calle 16 Su,Caracas,2,1,0,0,SENCILLA,NO,4.58322682,-74.09893378,{2CA9EDF4-3BB3-4E74-BF2A-63EBBE45227F}
-74.09492737,4.604178775,341.3812103,152.8112029,90,7201,Guatoque - Veraguas,998074.7273,1000877.439,Carrera 27,Calle 6,4,2,0,0,SENCILLA,NO,4.60413498,-74.09485855,{A489F4EF-088A-4462-A1BE-ACB59914D2F7}
-74.08876449,4.599782614,360.4152434,143.5406574,91,7200,Tygua - San José,998755.2738,1000395.393,Carrera 18,Calle 6,4,2,0,0,SENCILLA,NO,4.59977591,-74.08872537,{10D6F9F8-1003-4279-BBF1-EAA9282DA86F}
-74.0647044,4.680501209,434.7247715,313.75858,92,3013,Rionegro,1001378.199,1009242.535,Av Suba Cl 87,Suba,2,1,0,0,SENCILLA,NO,4.67978148,-74.06508621,{1DAA7BB9-83D8-4561-ABD5-372DBAF13A54}
-74.12183395,4.557059437,258.2803024,53.44678979,93,9001,Molinos,995092.4931,995646.7057,Carrera 9A,Caracas,2,2,0,0,INTERMEDIA,NO,4.55683171,-74.12173166,{4FE45D49-6BE2-4C75-BF72-2F1B38E07FB8}
-74.13422505,4.630113397,220.0103966,207.5016676,94,5102,AV. Américas - AV. Boyacá,993666.2807,1003768.094,Av. Americas -Carrera 71,Americas,4,1,1,32,SENCILLA,SI,4.6302734,-74.13458973,{2290848C-C45F-4970-89CC-E674B4C1FEFF}
-74.19953048,4.588977404,18.31472513,120.7548253,95,7504,Terreros - Hospital C.V,986682.3145,999319.043,soacha,Soacha,3,1,0,0,SENCILLA,NO,4.59003235,-74.19752499,{80FAA28D-6266-4339-9F68-A76185AC74BD}
-74.19313846,4.592179188,38.05644939,127.506689,96,7505,Leon XIII,987143.0933,999538.3608,soacha,Soacha,2,1,0,0,SENCILLA,NO,4.59201635,-74.19337284,{8E12BE0F-9C5E-444C-96EF-C56B5FFC57E3}
-74.09048002,4.613014851,355.1168281,171.4445618,97,12003,Ricaurte - CL 13,998603.7253,1001839.824,calle 13 - carrera 28,Americas,3,2,0,0,INTERCAMBIO,NO,4.61283803,-74.09009135,{8D780C88-011A-4CB8-AA79-1479FC75D665}
-74.08431921,4.590190144,374.1444917,123.3122297,98,10010,San Bernardo,999197.1273,999253.2912,Kra 10- Cl1b  sur,Cr 7-10,2,2,0,0,SENCILLA,NO,4.58944781,-74.08474329,{7DBC35DE-DF1A-44A6-A3B3-6AC8F001DEFB}
-74.12139545,4.681604303,259.6345969,316.084764,99,6000,Portal El Dorado,995175.7603,1009392.694,carrera 87,Calle 26,0,0,1,532,CABECERA,SI,4.68113815,-74.12098887,{999E329E-5268-481F-9E7D-FEFF2574EFF5}
-74.13541846,4.568335771,216.3245682,77.22612035,100,8001,Parque,993632.1881,996928.022,Calle 55 Sur,Tunal,2,1,0,0,SENCILLA,NO,4.56841787,-74.13489203,{46E55664-21AB-45E3-A5BF-1A4AA046AB3D}
-74.1087256,4.70674385,298.7653834,369.0985894,101,4001,Quirigua,996558.5921,1012201.483,Carrera 94,Calle 80,1,1,0,0,SENCILLA,NO,4.70653892,-74.10852651,{481C88EC-6EB2-459E-806C-A54CCB7274D4}
-74.12386901,4.560224917,251.9950019,60.12209757,103,9002,Consuelo,994858.8081,996015.7346,Carrera 11A - Carrera 10C,Caracas,2,1,0,0,SENCILLA,NO,4.56016875,-74.12383771,{85A3546C-37B5-48A3-9790-92866B24B1A6}
-74.14740798,4.595096306,179.2949523,133.6582561,105,7003,Sevillana,992214.2724,999900.609,Sevillana,NQS,2,1,0,0,SENCILLA,NO,4.59529816,-74.14767232,{8D16D427-FA89-4F64-B851-8D5B0F84625D}
-74.20546046,4.585982827,0,114.4399138,107,7503,San Mateo,985675.7338,998810.4324,soacha,Soacha,3,1,1,650,INTERMEDIA,SI,4.58543136,-74.20659531,{40A885D0-9850-4678-A008-B56EB0D73388}
-74.08042807,4.602873973,386.1622556,150.0596598,108,9110,AV. Jiménez - Caracas,999645.5644,1000670.288,Calle 13 - Calle 11,Caracas,4,2,0,0,INTERCAMBIO,NO,4.6022619,-74.0807021,{89BE8082-2372-4E12-B223-1D2A3F6FC080}
-74.07468354,4.611694618,403.904218,168.6604777,109,9113,Calle 22,1000342.879,1001761.512,Calle 24 - Calle 22,Caracas,3,2,0,0,SENCILLA,NO,4.61212995,-74.07441784,{190EB03C-7FEE-4E71-926B-9B51DA5BD0D7}
-74.08352729,4.630879773,376.5903361,209.1177873,110,6107,Ciudad Universitaria,999393.5978,1003760.184,carrera 34,Calle 26,2,2,0,0,SENCILLA,NO,4.63020415,-74.08297304,{0446EC28-06B3-460B-8DF5-D4DFA1A876F0}
-74.08671226,4.609817991,366.7535594,164.7030797,111,12004,San Fason Carrera 22,998978.6699,1001505.857,Av. Americas -Carrera 22,Americas,2,2,0,0,SENCILLA,NO,4.60981799,-74.08671226,{84719452-A45A-4E7E-ACE6-CA0CD7D7074F}
-74.06869106,4.626897111,422.4119992,200.7192218,112,9116,AV. 39,1001028.517,1003582.032,Avenida 39 - Avenida Calle,Caracas,3,2,0,0,SENCILLA,NO,4.62859306,-74.06823856,{3C0DFD75-3DC0-4C10-9525-5736C91FE4BF}
-74.07834591,4.650038523,392.5930195,249.5194155,113,7105,Movistar Arena,999913.9129,1005985.763,Kr 30 Cl 57,NQS,2,1,0,0,SENCILLA,NO,4.65033029,-74.07828379,{A7ECB823-B0D9-4F28-A525-8FF068F2F0AD}
-74.06561783,4.690398303,431.9036445,334.6293925,114,3011,Suba - Calle 100,1001343.234,1010376.006,Av Suba Cl 100,Suba,2,1,0,0,SENCILLA,NO,4.69003157,-74.06540117,{663B05BA-6336-4904-BAB0-A035BEA12347}
-74.08383764,4.59812707,375.6318142,140.0494765,115,9109,Tercer Milenio,999298.4544,1000198.769,Calle 8 - Calle 6,Caracas,3,2,0,0,SENCILLA,NO,4.59799788,-74.08383022,{A099F86F-24C0-470F-851A-BFCA12ACD497}
-74.11867306,4.628532378,268.0426791,204.1676431,116,5105,Pradera,995390.512,1003582.409,Av. Americas -Carrera 64,Americas,4,1,1,32,SENCILLA,SI,4.62859531,-74.11905023,{D74712F7-F1A7-4A56-A6F4-A0063A4C42E1}
-74.11437708,4.576795751,281.3108097,95.06637337,117,9101,Quiroga,995923.9194,997850.5599,Calle 31 Sur - Calle 32 Su,Caracas,2,1,0,0,SENCILLA,NO,4.57676184,-74.11424032,{77F1542D-3F79-46C2-89AB-CBB898B03F87}
-74.0818916,4.605430982,381.6421363,155.4518336,118,14001,De La Sabana,999444.8307,1001086.412,Calle 13 - Carrera 16,Americas,2,2,0,0,SENCILLA,NO,4.60602494,-74.08251114,{9E9696B3-C459-4958-9D52-95BAA2CF6361}
-74.10875996,4.66195235,298.6592643,274.6430784,119,6100,AV. Rojas,996494.6373,1007326.501,Calle 26-Carrera 69 d,Calle 26,6,1,1,104,SENCILLA,SI,4.66245401,-74.10910097,{82E1D335-0D68-4385-963A-566FC11D0514}
-74.08711277,4.693952055,365.5165633,342.1234813,121,4102,AV. Boyacá,998948.3242,1010803.968,Transversal 69 B,Calle 80,1,1,0,0,SENCILLA,NO,4.69390171,-74.08698686,{EC3ABE0F-AA5B-432A-838A-8F291CB63748}
-74.08458441,4.690899718,373.3254107,335.6867675,122,4103,Ferias,999276.515,1010388.062,Transversal  67 Bis,Calle 80,1,1,0,0,SENCILLA,NO,4.69014066,-74.08402878,{2DF484C8-C7FC-48A8-9105-7543F7AFB5E5}
-74.07472646,4.727337047,403.7716766,412.5251535,123,3004,Gratamira,1000323.247,1014544.858,Av Suba Cl 135,Suba,2,1,0,0,SENCILLA,NO,4.72773094,-74.07459429,{99F0DC60-AD8E-4F9A-83DD-6330D77E09C5}
-74.07228152,4.711930038,411.3228697,380.0351285,124,3006,Niza - Calle 127,1000585.974,1012770.779,Av Suba Cl 127,Suba,2,2,0,0,SENCILLA,NO,4.71168779,-74.07222629,{783C3C78-5528-41BF-A045-389DBA0E02EE}
-74.12557321,4.564658065,246.7315939,69.47063965,125,9003,Socorro,994670.7435,996504.5214,Carrera 16B - Carrera 14A,Caracas,2,2,0,0,SENCILLA,NO,4.56458879,-74.12553274,{28693BED-C50F-4F8D-9C4D-D9E6592A13F5}
-74.09370652,4.57693711,345.1517972,95.36446855,126,10002,AV. 1 Mayo,998107.4835,997735.5728,AV. 1? Mayo con Cra 7,Cr 7-10,3,2,0,0,SENCILLA,NO,4.57572274,-74.09456268,{EE41224E-8763-42E1-9DA3-5103744DCC80}
-74.08183585,4.59402109,381.8143252,131.3908597,127,10005,Bicentenario,999601.2809,999872.7684,Kra 10 -Cl5,Cr 7-10,0,2,1,116,INTERMEDIA,SI,4.59504984,-74.08110114,{0A48E18C-2187-4DCB-9C24-F716163269F8}
-74.11158095,4.627885905,289.9466681,202.8043717,128,5107,Américas - Carrera 53A,996270.6619,1003490.132,Amï¿½ricas - KR 53A,Americas,4,1,0,0,SENCILLA,NO,4.62776126,-74.11111797,{D25E6235-5922-46A6-B6EF-95990EE5CEAD}
-74.09863149,4.571414387,329.9410289,83.71825024,130,10001,Country Sur,997669.5769,997257.0969,Kra 10- Cl28 sur,Cr 7-10,2,2,0,0,SENCILLA,NO,4.57139572,-74.09850883,{A20BF267-63FB-4F01-8D54-BAEF241E5035}
-74.123754,4.593792071,252.3502189,130.9079071,131,7007,NQS - Calle 38A S,994958.4944,999755.5112,AutoSur - Kr 39A,NQS,2,1,0,0,SENCILLA,NO,4.59398803,-74.12294152,{54C04091-808B-4055-AFF7-8B79167038EB}
-74.13038805,4.570301904,231.8609664,81.37226639,132,8002,Biblioteca,994147.225,997138.8606,Calle 48A Sur,Tunal,2,1,0,0,SENCILLA,NO,4.57032486,-74.13025087,{F5B73244-1865-4F8B-BEA6-B19FC066AF1C}
-74.0808536,4.735434023,384.8480029,429.5999108,133,3003,21 Ángeles,999687.3069,1015363.284,Av Suba Cl 136,Suba,2,1,0,0,SENCILLA,NO,4.73513203,-74.08032644,{74028256-1F3C-4632-82B9-2B37E5E02D62}
-74.07631258,4.620465899,398.8729382,187.1571971,134,6109,Centro Memoria,1000112.297,1002679.014,Carrera 20,Calle 26,2,2,0,0,SENCILLA,NO,4.62042703,-74.07649587,{1EE77526-7229-47D3-A734-8880475A7882}
-74.13016292,4.62968561,232.55628,206.5995576,135,5103,Marsella,994332.049,1003696.162,Av. Americas -Carrera 69C,Americas,6,1,1,32,SENCILLA,SI,4.62962336,-74.12858953,{4D51EF83-4E61-44FB-B319-6727211AB510}
-74.10141668,4.622805171,321.3389932,192.0902124,136,12001,Carrera 43,997347.0895,1002942.037,Av. Americas -Carrera 43,Americas,2,2,0,0,SENCILLA,NO,4.62280517,-74.10141668,{C85A7B08-D302-49DC-AC95-944445D3CBC9}
-74.07431885,4.606060793,405.0305864,156.7799677,137,10007,Las Nieves,1000399.915,1001158.727,Kra 10- Cl18,Cr 7-10,2,2,0,0,SENCILLA,NO,4.6066789,-74.07390385,{EFD3320D-CE33-461C-9A12-784CA0F10EFA}
-74.0714967,4.610897328,413.7467896,166.9791668,139,10008,San Diego,1000681.208,1001652.014,Kra 10- Cl23,Cr 7-10,2,2,0,0,SENCILLA,NO,4.61113974,-74.07136878,{71CFDE0D-7A6D-4934-9EF6-CD64E5EDC8BD}
-74.15206292,4.63419961,164.9181852,216.1185992,140,5005,Transversal 86,991594.3901,1004269.431,Av. Americas -tv. 86,Americas,4,1,0,0,SENCILLA,NO,4.63480527,-74.15326284,{FDCA5630-9B27-4C38-9C9A-895509D96A30}
-74.08028041,4.625982895,386.6182942,198.7913386,142,6108,Concejo de Bogotá,999767.6471,1003194.33,Carrera38,Calle 26,2,1,0,0,SENCILLA,NO,4.62508709,-74.07960195,{A89982DF-C991-4649-BA4C-ECEEEC94E236}
-74.06730954,4.604642858,426.6788149,153.7898536,143,6111,Universidades,1001180.451,1001010.329,carrera 4,Calle 26,2,2,0,0,INTERCAMBIO,NO,4.60533686,-74.06686963,{0C742386-E11D-49FF-9387-64F8742CB6F5}
-74.05422923,4.704640497,467.0773182,364.6630754,8,2202,Calle 127,1002606.939,1012058.327,Calle 127,Autonorte,2,1,0,0,SENCILLA,NO,4.70524465,-74.05401073,{3812C13D-073F-4460-95F9-FC2958A94B47}
-74.18811596,4.594601338,53.56845583,132.6144766,80,7506,La Despensa,987798.3022,999863.1458,soacha,Soacha,2,1,0,0,SENCILLA,NO,4.59495435,-74.18746863,{76C5E77C-045B-4C19-95D9-41AC838CF2A3}
-74.06315256,4.684574579,439.5176348,322.3484289,106,3012,Suba - Calle 95,1001605.537,1009740.602,Av Suba Cl 97,Suba,2,1,0,0,SENCILLA,NO,4.68428551,-74.06303712,{56F96CC5-05F5-4D37-9AD6-869C155EAC23}
-74.08622014,4.595045543,368.2734714,133.551208,120,9108,Hospital,999024.4704,999852.6502,Calle 4 - Calle 2,Caracas,2,1,0,0,SENCILLA,NO,4.59486786,-74.08629931,{EF772628-254F-4825-A7AB-C9D9A63EA5FC}
-74.14129964,4.630847383,198.1605308,209.0494846,129,5101,Mandalay,993063.538,1003816.473,av. Amï¿½ricas Carrera 73,Americas,4,1,0,0,SENCILLA,NO,4.63071043,-74.1400219,{0E91CA04-38AD-4921-BFD7-63A5B3FB75CC}
-74.06922646,4.61524712,420.7584095,176.1519304,138,10009,Museo Nacional,1000875.02,1001979.374,Kra 7- Cl32,Cr 7-10,0,1,0,0,SENCILLA,NO,4.61410007,-74.0696221,{21716E46-BFB5-4BE5-A035-BF07736404AA}
-74.09700839,4.56571811,334.953966,71.70604291,144,10000,Portal 20 de Julio,997704.7325,996589.5106,Kra 5 a Cl 33 Sur,Cr 7-10,0,0,1,216,CABECERA,SI,4.56535867,-74.09819184,{9F0BD8FC-7CB1-48A7-8938-2C6665F2196D}
-74.10464015,4.625668915,311.3832971,198.129223,145,12000,Puente Aranda,996992.3526,1003247.48,calle 13 carrera 47,Americas,2,1,0,0,SENCILLA,NO,4.62556721,-74.10461377,{1282A081-32B9-47F1-9E6E-880DA10D7440}
-74.07740612,4.60101831,395.4955515,146.1464714,146,10006,San Victorino,1000072.564,1000616.321,Kra 10- Cl12,Cr 7-10,3,2,0,0,SENCILLA,NO,4.60177387,-74.07685397,{82510740-6123-44A5-860A-30C4A63D9617}
-74.09033824,4.581532433,355.5547068,105.0550032,147,10003,Ciudad Jardín,998566.3611,998343.1001,Kra 10- Cl12 sur,Cr 7-10,2,1,0,0,SENCILLA,NO,4.58121677,-74.09042752,{C1A7183F-2271-4DA4-BF68-D7656692280E}
-74.08692095,4.586256936,366.1090021,115.0179515,148,10004,Policarpa,998996.6014,998931.7211,Kra 10- Cl3 sur,Cr 7-10,2,2,0,0,SENCILLA,NO,4.58653979,-74.08655036,{4F280485-DDAB-4835-BCB9-BAA6DD6B4D7D}
-74.18122466,4.596878653,74.85221162,137.4168369,149,7010,Bosa,988717.5926,1000082.291,soacha,Soacha,2,1,0,0,SENCILLA,NO,4.59693732,-74.17918435,{80AC961D-9AE5-44E7-AA30-4329A3BDF607}
-74.05529767,4.69812498,463.7774477,350.9232719,4,2204,Pepe Sierra,1002462.503,1011241.559,Calle 116,Autonorte,2,1,0,0,SENCILLA,NO,4.69785859,-74.05531281,{43A41E08-B32C-458F-B86F-76D19888C696}
-74.08416734,4.623410436,374.6135441,193.3665833,15,7109,CAD,999310.6995,1003061.636,Kr 30 Cl 26,NQS,2,2,0,0,SENCILLA,NO,4.6238871,-74.08372009,{9EBA1926-C65C-4321-88CE-3E4D0B0D502C}
-74.05901243,4.67599399,452.3044083,304.2538379,16,2302,Virrey,1002099.298,1008978.476,Calle 90,Autonorte,3,1,0,0,SENCILLA,NO,4.67739343,-74.05858701,{FD61E9BC-1754-4276-8861-7DFAC580A53B}
-74.06206854,4.658238842,442.8656272,266.8121013,28,9122,Calle 72,1001730.851,1006979.578,Calle 72 - Calle 70A,Caracas,3,2,0,0,SENCILLA,NO,4.65931729,-74.06190821,{DF650332-CCAA-402B-A74F-2A4CC31942B0}
-74.04356946,4.768818265,500,500,36,2502,Terminal,1003783.586,1019178.355,Calle 190,Autonorte,4,1,0,0,SENCILLA,NO,4.76963114,-74.04340206,{4CDCBB19-870C-43AE-9B6C-FA1E853DCE03}
-74.10736095,4.578908533,302.9801159,99.52177116,40,9103,Olaya,996694.732,998090.3735,Calle 24 Sur - Calle 27 Su,Caracas,2,1,0,0,SENCILLA,NO,4.57893083,-74.10729408,{77753932-9BD3-4970-A154-CCCCF2F33B72}
-74.06126016,4.663030464,445.3623049,276.9165858,46,9123,Calle 76,1001823.602,1007504.847,Calle 76 - Calle 74,Caracas,3,2,0,0,SENCILLA,NO,4.66406733,-74.06107216,{D07976AE-259E-4260-979C-07350754B20B}
-74.05617838,4.692981898,461.0573837,340.0776315,1,2205,Calle 106,1002369.984,1010682.34,Calle 106,Autonorte,4,1,0,0,SENCILLA,NO,4.69280155,-74.05614686,{D804EEAA-1DFA-41B9-8EA7-4C5C728E7AC1}
-74.07986613,4.63066292,387.8978047,208.6604922,3,7108,AV. El Dorado,999749.1209,1003766.594,Kr 30 Av 28,NQS,1,1,0,0,SENCILLA,NO,4.63026213,-74.07976893,{D51603ED-7B42-48F9-A729-98A88E48C3CA}
-74.04921756,4.734585157,482.555864,427.8098376,5,2103,Mazurén,1003166.009,1015400.819,Calle 152,Autonorte,5,1,0,0,SENCILLA,NO,4.73547088,-74.04897041,{893AC347-B878-48AD-A615-F94C152AFF8C}
-74.05964002,4.672315098,450.3660975,296.495856,11,2303,Calle 85,1002007.771,1008428.215,Calle 85,Autonorte,4,1,0,0,SENCILLA,NO,4.67241739,-74.05941206,{0D01846F-36FD-42B0-AE12-E56CB309B38E}
-74.07932113,4.637118785,389.5810491,222.2745041,14,7107,U. Nacional,999792.6229,1004419.694,Kr 30 Cl 45,NQS,3,2,0,0,SENCILLA,NO,4.63616818,-74.07937689,{D7067858-E28E-4151-AF51-989E230D1C06}
-74.0505097,4.72685125,478.5650756,411.5007131,12,2105,Calle 142,1002995.74,1014422.155,Calle 142,Autonorte,4,1,0,0,SENCILLA,NO,4.72662081,-74.05050551,{82F22641-EB7A-4984-B8DC-4246EF7DD11D}
-74.07131021,4.670155674,414.3227417,291.9421014,19,7102,NQS - Calle 75,1000697.164,1008209.024,Kr 30 - Cl 75A,NQS,4,1,0,0,SENCILLA,NO,4.67043543,-74.07122446,{418E321A-0841-40AA-B2B4-0B6999EB0DB7}
-74.05256715,4.714559896,472.2106604,385.580926,31,2201,Prado,1002764.903,1013019.184,Calle 128 B,Autonorte,3,1,0,0,SENCILLA,NO,4.71393371,-74.05258664,{A2C66221-B5AF-42C6-9B2E-17F488E7CBD5}
-74.14576938,4.631300637,184.3557517,210.0052987,32,5100,Banderas,992262.9532,1003892.079,Av. Americas -Carrera 78,Americas,0,2,1,101,INTERMEDIA,SI,4.63139347,-74.14723714,{2D4DB1A4-C285-4F88-BEC1-7C19E0C3152C}
-74.09148174,4.696654599,352.0230093,347.822559,33,4101,Minuto de Dios,998448.4919,1011112.947,Carrera 73 A,Calle 80,1,1,0,0,SENCILLA,NO,4.69669576,-74.091492,{1F9EB1C8-F865-42BC-AE81-E50B371D5297}
-74.09105627,4.742542841,353.337096,444.5908589,34,3001,La Campiña,998481.0148,1016202.186,Av Suba Kr 98A,Suba,2,1,0,0,SENCILLA,NO,4.74271815,-74.09119976,{BD191226-7875-447A-857A-A3F41A2048FC}
-74.06786884,4.631451678,424.9514272,210.3238093,37,9117,Calle 45,1001123.718,1004110.728,Calle 45 - Calle 42A,Caracas,3,2,0,0,SENCILLA,NO,4.6333741,-74.06738051,{59ED7894-6960-44AE-8250-A6292FA07D54}
-74.1295448,4.593568809,234.4653456,130.437098,9,7006,General Santander,994367.5871,999713.2008,AutoSur-Kr43,NQS,4,1,1,48,INTERMEDIA,SI,4.59360505,-74.1282667,{620F5E54-B639-4A1C-AD4A-2267956449CD}
-74.10456241,4.704681669,311.6234099,364.7498988,18,4002,Carrera 90,996996.3932,1012001.529,Carrera 90,Calle 80,1,1,0,0,SENCILLA,NO,4.70473089,-74.10458038,{3B7B5C42-38C7-4783-920F-2210E195F285}
-74.04603495,4.754621171,492.3853387,470.0614241,2,2000,Portal del Norte,1003499.315,1017502.016,Calle 173,Autonorte,0,0,0,0,CABECERA,NO,4.75447203,-74.04596522,{182C5CE1-0696-47CA-8EB8-40E45A851D42}
-74.07364067,4.678006339,407.1251272,308.497442,6,4106,Carrera 47,1000419.552,1009080.193,Carrera 46,Calle 80,1,1,0,0,SENCILLA,NO,4.67831351,-74.0737265,{C647ED68-89B2-4418-8BEC-FDACAFDE5FD0}
-74.10261112,4.601667166,317.6499692,147.5147677,7,7113,Santa Isabel,997130.6117,1000530.133,Kr 30 Av 3,NQS,2,1,0,0,SENCILLA,NO,4.600994,-74.10336685,{48DB6EEA-CB5C-43BD-808E-B10166C0CA05}
-74.04982164,4.730893364,480.6901413,420.0246507,29,2104,Calle 146,1003066.065,1014867.364,Calle 146,Autonorte,3,1,0,0,SENCILLA,NO,4.73064684,-74.04987147,{E890BE4D-FB1F-4E1C-B34A-D60A9D01E638}
-74.08954451,4.616916451,358.0061573,179.6721853,38,7110,Paloquemao,998770.4062,1002410.094,Kr 30 Cl 19,NQS,2,1,0,0,SENCILLA,NO,4.61799507,-74.08858928,{A0EFB6D2-A91D-4348-8A4C-542C58C76CFA}
-74.13924019,4.569571455,204.5211511,79.83190825,41,8000,Portal del Tunal,993086.1151,997142.268,Av. Boyaca,Tunal,0,0,0,0,CABECERA,NO,4.57035491,-74.13981319,{09C7FB0F-5E72-492C-AB19-11859D2DC6B2}
-74.09601551,4.69914792,338.0204702,353.080429,71,4100,Granja - Carrera 77,998077.2102,1011308.79,Carrera 77 Bis,Calle 80,3,2,0,0,INTERMEDIA,NO,4.6984667,-74.09483848,{9A184524-CAD9-4B95-8538-427517A14638}
-74.17305845,4.629381302,100.0735214,205.9578387,72,5000,Portal de las Américas,989594.8393,1003548.415,av.Cali - Calle 43 sur,Americas,0,0,1,785,CABECERA,SI,4.6282829,-74.17128277,{16DA8F11-F94D-4DEC-9603-F63403DD6C1B}
-74.09310384,4.637522093,347.0131621,223.1249927,74,6105,Quinta Paredes,998356.2685,1004447.388,Carrera 47,Calle 26,4,1,1,48,SENCILLA,SI,4.63641847,-74.09232196,{D5857F7E-A143-452C-8E19-58E6E0C3E1B3}
-74.07685817,4.607861061,397.1878809,160.5763411,102,9111,Calle 19,1000096.868,1001315.533,Calle 19 - Calle 17,Caracas,3,2,0,0,SENCILLA,NO,4.60809693,-74.07663494,{22474B86-646B-4171-A1D4-8CBA17542ADD}
-74.11939098,4.531714575,265.8254005,0,104,9000,Portal de Usme,995265.4285,992767.2443,Calle 65C Sur,Caracas,0,0,0,0,CABECERA,NO,4.53079248,-74.12017173,{2243E77A-651E-41DA-8EB5-741B9A42C76F}
-74.07114047,4.706537173,414.8470026,368.6627528,141,3007,Humedal Córdoba,1000722.112,1012162.022,Av Suba Cl 119,Suba,2,1,0,0,SENCILLA,NO,4.70618274,-74.07099928,{0856C302-A2EF-4D39-B1E4-6CF4C1D70FC9}
